recombinations,back mutations,recurrent mutations,run seed,time to build,recombination cost,recurrent mutation cost,back mutation cost
3412,276,4866,978,177.789979,0.9,1,1.1
3446,270,4870,681483066,185.156695,0.9,1,1.1
3484,298,4827,558393201,177.277292,0.9,1,1.1
3318,264,4938,76218786,169.679590,0.9,1,1.1
3448,283,4886,1105558654,188.415203,0.9,1,1.1
3442,263,4895,672994047,183.766890,0.9,1,1.1
3427,265,4865,1456866409,181.524246,0.9,1,1.1
3396,294,4909,1155030118,186.249295,0.9,1,1.1
3456,279,4880,622056696,188.274996,0.9,1,1.1
3432,289,4855,1447774999,183.737162,0.9,1,1.1
1083,239,6867,1447774999,54.962294,1,1,1.1
1080,257,6887,1697007045,55.122043,1,1,1.1
1044,256,6892,299293739,54.296100,1,1,1.1
1157,254,6861,428717336,55.784396,1,1,1.1
1052,258,6906,1796192134,53.334841,1,1,1.1
1071,231,6908,795999708,52.834202,1,1,1.1
1008,241,6924,402024400,49.651465,1,1,1.1
1067,246,6902,1245054096,54.906199,1,1,1.1
1055,235,6876,1688221581,53.265420,1,1,1.1
1068,249,6876,872751624,56.553126,1,1,1.1
3362,251,4958,872751624,172.253339,0.9,1,1.5
3456,245,4890,2042677826,188.266034,0.9,1,1.5
3542,236,4868,468122901,191.118797,0.9,1,1.5
3561,234,4874,1987406554,187.532285,0.9,1,1.5
3527,225,4886,1231598693,179.554924,0.9,1,1.5
3464,231,4903,427233850,183.830043,0.9,1,1.5
3578,281,4843,91507494,188.811115,0.9,1,1.5
3482,247,4892,339030911,184.046814,0.9,1,1.5
3534,214,4908,1109725886,186.529673,0.9,1,1.5
3422,224,4927,673284380,180.677101,0.9,1,1.5
1069,232,6876,673284380,52.858725,1,1,1.5
1016,260,6919,2127666271,51.571692,1,1,1.5
1041,216,6978,396071250,52.976752,1,1,1.5
1049,254,6907,231164844,54.843612,1,1,1.5
1066,235,6898,76440856,52.388342,1,1,1.5
1051,255,6890,351373439,53.525997,1,1,1.5
1092,225,6912,2102398381,56.896427,1,1,1.5
1111,259,6894,1058400778,59.332160,1,1,1.5
1042,255,6936,1544682111,52.658222,1,1,1.5
1119,229,6860,1742051033,56.262575,1,1,1.5
3812,89,4920,1742051033,184.680464,0.9,1,2
3847,95,4900,1519309983,195.353668,0.9,1,2
3799,65,4970,657872391,184.726397,0.9,1,2
3868,92,4915,1653931509,202.198416,0.9,1,2
3874,86,4931,933510768,194.888983,0.9,1,2
3890,72,4908,261785013,202.525713,0.9,1,2
4055,99,4830,1577124297,215.217947,0.9,1,2
3902,95,4891,1372597804,202.568647,0.9,1,2
3768,80,4951,199041869,193.471434,0.9,1,2
3851,90,4935,462602976,196.539736,0.9,1,2
1039,176,7037,462602976,51.068637,1,1,2
1049,191,7030,1286198532,50.325221,1,1,2
1028,198,7012,1187315157,51.011718,1,1,2
1004,180,7039,1500839225,49.942317,1,1,2
1057,167,7040,2099498821,53.046427,1,1,2
1040,175,7024,1883506822,50.738355,1,1,2
1109,190,6986,1521025935,56.644882,1,1,2
1070,190,6962,2074015780,54.658842,1,1,2
1020,201,6991,462338704,51.991325,1,1,2
1098,183,6989,73784521,56.238097,1,1,2
3866,36,4998,73784521,191.926803,0.9,1,3
3818,37,4948,789431340,193.189715,0.9,1,3
3903,34,4993,1376031724,209.893853,0.9,1,3
3944,41,4988,372102610,215.230336,0.9,1,3
3809,37,5006,77336888,204.455455,0.9,1,3
3884,49,4939,1033830977,205.075646,0.9,1,3
3870,37,4980,548243275,202.513670,0.9,1,3
3873,56,4978,21123003,200.877869,0.9,1,3
3993,57,4912,1758287062,216.618745,0.9,1,3
3917,87,4934,1041503731,213.061175,0.9,1,3
1234,60,7119,1041503731,60.085558,1,1,3
1303,63,7060,602704351,62.358222,1,1,3
1312,62,7066,270914012,60.764118,1,1,3
1281,60,7122,274363018,62.115664,1,1,3
1273,43,7122,2014607466,61.460577,1,1,3
1311,41,7085,1843379947,65.396014,1,1,3
1255,41,7120,278884377,60.836802,1,1,3
1280,68,7105,1598148364,64.198241,1,1,3
1328,42,7055,1460606790,63.947913,1,1,3
1232,47,7134,687570747,58.604950,1,1,3
4411,618,6077,1226,155.869520,0.9,1,1.1
4494,636,5979,1997584362,165.248829,0.9,1,1.1
4419,626,6082,495562393,176.823536,0.9,1,1.1
4424,546,6116,523470676,168.376817,0.9,1,1.1
4422,617,6056,1932832184,173.328347,0.9,1,1.1
4432,595,6087,134095032,179.743353,0.9,1,1.1
4504,593,5998,966860599,184.797158,0.9,1,1.1
4463,593,6105,1160960740,182.080701,0.9,1,1.1
4426,607,6013,940185763,181.892913,0.9,1,1.1
4375,597,6111,1773198898,179.468076,0.9,1,1.1
1894,700,6155,1773198898,80.416533,1,1,1.1
1913,687,6187,308956363,86.330051,1,1,1.1
1951,716,6120,941114689,85.400915,1,1,1.1
1886,758,6101,1784071336,85.242669,1,1,1.1
1912,688,6150,1574475304,85.013139,1,1,1.1
1982,663,6135,255973408,90.445039,1,1,1.1
1895,725,6135,943012770,90.285907,1,1,1.1
1919,671,6140,985009995,86.083670,1,1,1.1
1915,732,6170,473251774,94.647295,1,1,1.1
1960,710,6114,1747362020,92.985093,1,1,1.1
4412,455,6244,1747362020,171.527599,0.9,1,1.5
4398,448,6264,826730903,172.062742,0.9,1,1.5
4381,499,6177,148976366,186.384012,0.9,1,1.5
4403,505,6182,614138193,187.035417,0.9,1,1.5
4340,436,6204,797336971,189.080320,0.9,1,1.5
4401,493,6211,623402910,198.492064,0.9,1,1.5
4472,455,6276,2117273286,237.432976,0.9,1,1.5
4373,461,6229,452104261,216.291504,0.9,1,1.5
4404,479,6161,1001978070,229.556648,0.9,1,1.5
4390,443,6247,2091020893,219.580043,0.9,1,1.5
1970,636,6394,2091020893,101.475207,1,1,1.5
2024,604,6302,1477541577,90.707144,1,1,1.5
2030,635,6276,182063007,100.053621,1,1,1.5
2088,660,6323,1091239706,106.666487,1,1,1.5
2061,614,6334,2112276111,100.418704,1,1,1.5
1949,582,6364,1458529652,91.421298,1,1,1.5
2003,620,6340,1471121521,99.756754,1,1,1.5
2069,605,6288,557234634,102.067581,1,1,1.5
2062,610,6333,1684531433,102.083370,1,1,1.5
1996,606,6352,1886684570,98.960553,1,1,1.5
4419,366,6578,1886684570,169.638596,0.9,1,2
4428,447,6534,734359408,179.973639,0.9,1,2
4416,345,6654,694371603,167.887513,0.9,1,2
4352,362,6608,1151101123,164.821995,0.9,1,2
4368,392,6575,665135833,176.925230,0.9,1,2
4429,378,6537,1888194375,178.781654,0.9,1,2
4434,367,6640,1544342807,180.537035,0.9,1,2
4360,390,6568,1255701542,175.702647,0.9,1,2
4537,369,6567,1782352419,187.779976,0.9,1,2
4406,371,6584,357250796,178.890501,0.9,1,2
2347,305,6728,357250796,88.508221,1,1,2
2317,318,6676,96123802,89.135097,1,1,2
2212,317,6717,1418460314,90.553605,1,1,2
2306,264,6690,1181258991,90.971789,1,1,2
2261,302,6699,1654694714,94.549975,1,1,2
2230,313,6778,808048903,95.628231,1,1,2
2312,286,6769,1887571168,94.817959,1,1,2
2244,292,6741,76050078,92.359341,1,1,2
2273,303,6724,1629979594,94.570420,1,1,2
2275,280,6695,50900473,91.343096,1,1,2
4451,222,7002,50900473,160.196874,0.9,1,3
4460,245,6947,782695620,164.459069,0.9,1,3
4498,270,6929,1766872291,174.065963,0.9,1,3
4466,218,6945,1188950889,166.995759,0.9,1,3
4487,216,7020,1769399141,179.153740,0.9,1,3
4494,207,7082,1264169476,175.551476,0.9,1,3
4462,266,6915,1052960459,180.215130,0.9,1,3
4399,244,6903,1528083500,178.203966,0.9,1,3
4462,237,6950,424159197,175.900623,0.9,1,3
4475,224,6932,39193845,181.896951,0.9,1,3
2333,199,7107,39193845,92.833595,1,1,3
2409,178,7149,1065413350,96.137935,1,1,3
2336,179,7107,245325972,92.814218,1,1,3
2321,194,7054,2144127464,103.432741,1,1,3
2391,209,6990,2090702445,101.757623,1,1,3
2336,179,7168,1706994713,102.119768,1,1,3
2278,164,7164,1917701373,94.188122,1,1,3
2326,172,7035,59387279,100.673393,1,1,3
2412,174,7074,734169337,107.674460,1,1,3
2313,178,7087,1647846374,100.114499,1,1,3
167,783,7306,1304,19.381472,2,1,1.1
180,765,7264,2128498277,19.547119,2,1,1.1
195,758,7281,413444279,22.574300,2,1,1.1
183,729,7302,1534373477,21.764745,2,1,1.1
153,747,7354,1328776136,21.209437,2,1,1.1
177,763,7284,1956339369,21.187168,2,1,1.1
183,765,7314,582026502,22.512869,2,1,1.1
168,770,7290,1956668010,22.058564,2,1,1.1
193,710,7307,2121037332,22.354261,2,1,1.1
186,780,7269,489533241,21.913217,2,1,1.1
177,752,7317,1338765334,23.248797,2,1,1.1
182,746,7305,1791621145,22.191818,2,1,1.1
196,718,7313,1448576179,21.376965,2,1,1.1
168,736,7298,2060995627,21.363646,2,1,1.1
184,743,7276,564905082,21.732806,2,1,1.1
184,719,7317,95678034,21.225643,2,1,1.1
161,753,7324,701958761,22.221196,2,1,1.1
195,762,7267,2124873953,22.984526,2,1,1.1
167,762,7310,1295561395,22.365800,2,1,1.1
188,769,7294,350175350,24.669975,2,1,1.1
30,881,7435,350175350,18.089837,3,1,1.1
46,879,7441,1251205984,18.061040,3,1,1.1
34,917,7366,1224238069,15.904347,3,1,1.1
43,888,7390,210475826,16.669627,3,1,1.1
29,920,7399,2001300898,17.225493,3,1,1.1
35,901,7383,1028742180,17.599278,3,1,1.1
41,937,7335,1847129854,17.415799,3,1,1.1
24,855,7489,1402036104,16.347960,3,1,1.1
34,888,7425,1084574262,17.252987,3,1,1.1
30,869,7453,1677103913,16.910894,3,1,1.1
33,945,7340,897892873,17.429291,3,1,1.1
30,886,7408,1860865986,16.839674,3,1,1.1
32,900,7401,1221321023,17.573906,3,1,1.1
35,906,7380,418167635,17.508253,3,1,1.1
32,899,7398,463791050,16.783365,3,1,1.1
30,878,7417,13872739,15.541251,3,1,1.1
35,893,7409,396800414,16.824851,3,1,1.1
26,872,7464,1178196194,16.955574,3,1,1.1
31,904,7384,949425598,16.710536,3,1,1.1
33,926,7390,868460892,18.626442,3,1,1.1
9,963,7416,868460892,15.611662,4,1,1.1
8,920,7467,869466145,14.662872,4,1,1.1
3,947,7443,1949171149,14.707560,4,1,1.1
14,982,7354,613385246,15.480479,4,1,1.1
6,957,7405,1028599216,15.179600,4,1,1.1
10,943,7457,1122472316,15.397780,4,1,1.1
10,926,7441,637664620,15.633328,4,1,1.1
12,874,7504,166888623,14.679105,4,1,1.1
8,964,7403,2090007855,15.446567,4,1,1.1
8,921,7452,1833288647,14.494938,4,1,1.1
11,957,7391,804895464,15.321529,4,1,1.1
5,973,7422,1957172072,14.927762,4,1,1.1
7,956,7410,1372914746,14.888787,4,1,1.1
6,940,7434,1398601522,15.295368,4,1,1.1
8,964,7389,6922780,15.211292,4,1,1.1
15,921,7408,447699685,15.340426,4,1,1.1
8,948,7448,1923217731,16.668296,4,1,1.1
11,948,7429,1764022190,14.460222,4,1,1.1
10,912,7426,1706398827,14.780216,4,1,1.1
9,914,7448,1740791954,14.429694,4,1,1.1
0,933,7469,1740791954,12.673331,5,1,1.1
0,941,7455,2095186181,13.300320,5,1,1.1
0,919,7490,408823631,12.803859,5,1,1.1
8,946,7436,1814381075,14.396673,5,1,1.1
1,946,7448,1510197577,13.700233,5,1,1.1
2,896,7474,1851043448,13.286108,5,1,1.1
0,947,7434,1726277562,14.365700,5,1,1.1
0,957,7434,1810024172,14.467209,5,1,1.1
3,898,7502,495675635,12.774095,5,1,1.1
3,964,7438,778493549,14.060714,5,1,1.1
1,1003,7387,174113412,14.657386,5,1,1.1
1,954,7425,968900647,13.532377,5,1,1.1
3,897,7481,632172057,13.113537,5,1,1.1
5,940,7446,1170698703,14.029287,5,1,1.1
3,945,7446,1033068152,13.248369,5,1,1.1
2,958,7449,508604634,14.409391,5,1,1.1
1,958,7434,14964026,13.530671,5,1,1.1
3,958,7454,1104635997,15.150454,5,1,1.1
3,884,7510,149920382,12.763856,5,1,1.1
5,918,7450,1225893447,13.276419,5,1,1.1
184,711,7309,1225893447,20.659831,2,1,1.3
185,720,7310,940810132,22.113117,2,1,1.3
202,749,7278,1779133502,22.077613,2,1,1.3
182,718,7332,1275021576,21.219944,2,1,1.3
179,734,7286,1071531870,21.892468,2,1,1.3
171,694,7364,1120924654,21.192018,2,1,1.3
177,727,7277,1986443529,21.895930,2,1,1.3
179,695,7352,1425331326,21.371464,2,1,1.3
180,733,7313,1881464460,22.661669,2,1,1.3
203,740,7280,536295307,23.758897,2,1,1.3
182,682,7373,2083223924,21.695681,2,1,1.3
165,756,7334,2012877664,23.257359,2,1,1.3
191,780,7267,2121285100,24.047377,2,1,1.3
191,753,7265,90178545,23.797745,2,1,1.3
172,733,7279,1477647690,21.663888,2,1,1.3
194,750,7280,1644376214,22.627465,2,1,1.3
172,703,7340,481755991,21.985137,2,1,1.3
193,716,7328,482256549,21.610760,2,1,1.3
185,773,7262,854535148,23.896951,2,1,1.3
195,742,7273,259344534,22.896752,2,1,1.3
41,881,7423,259344534,16.862240,3,1,1.3
37,860,7475,1430643714,17.677068,3,1,1.3
38,820,7480,1458099788,16.984578,3,1,1.3
34,878,7411,575767324,16.752777,3,1,1.3
26,862,7475,597475957,17.266392,3,1,1.3
40,903,7400,1734677335,17.716748,3,1,1.3
39,864,7446,919204830,18.722779,3,1,1.3
34,878,7441,699857270,17.115612,3,1,1.3
44,861,7432,1144840197,17.749980,3,1,1.3
35,854,7491,1990917473,17.136947,3,1,1.3
41,905,7377,1300348801,17.058415,3,1,1.3
45,889,7394,1379583512,17.540443,3,1,1.3
52,906,7375,2035425512,17.268401,3,1,1.3
40,920,7359,1786288904,17.993076,3,1,1.3
35,914,7397,1658516397,17.875174,3,1,1.3
40,871,7436,1066152780,17.553564,3,1,1.3
31,903,7423,2041839101,18.251063,3,1,1.3
39,908,7417,245732501,18.294979,3,1,1.3
39,879,7441,981845996,17.606659,3,1,1.3
33,914,7379,1013147716,17.589611,3,1,1.3
7,967,7414,1013147716,14.448888,4,1,1.3
9,894,7477,1456578991,14.957157,4,1,1.3
11,930,7482,1140616248,15.375757,4,1,1.3
14,919,7432,299975939,15.579917,4,1,1.3
8,980,7348,1813447557,14.734492,4,1,1.3
4,919,7468,243779677,14.439527,4,1,1.3
16,929,7450,990236803,15.821177,4,1,1.3
10,928,7432,1535127195,14.419430,4,1,1.3
9,914,7453,1611778943,14.574131,4,1,1.3
11,890,7461,83699290,15.097274,4,1,1.3
8,946,7429,1922439326,15.540641,4,1,1.3
10,931,7430,1876433152,15.109631,4,1,1.3
11,908,7453,469070996,15.901920,4,1,1.3
9,915,7464,835128148,14.942193,4,1,1.3
9,955,7404,1094381886,15.681598,4,1,1.3
6,958,7408,1036407079,15.797586,4,1,1.3
12,907,7461,1705284312,16.952105,4,1,1.3
15,913,7454,372995413,15.729597,4,1,1.3
15,916,7451,1142226220,14.716958,4,1,1.3
5,926,7461,643335121,15.018022,4,1,1.3
1,949,7443,643335121,13.310543,5,1,1.3
4,957,7423,576790148,12.816776,5,1,1.3
5,923,7458,1710410580,13.542776,5,1,1.3
6,930,7452,1140472844,13.535219,5,1,1.3
2,932,7443,760813426,13.310175,5,1,1.3
4,931,7458,518955948,13.264283,5,1,1.3
2,920,7473,1441869967,13.476847,5,1,1.3
6,876,7488,1639331395,13.733673,5,1,1.3
7,954,7436,1997359983,13.922250,5,1,1.3
4,935,7434,272266403,13.746600,5,1,1.3
2,922,7434,754884106,14.239160,5,1,1.3
6,972,7423,50808913,14.344315,5,1,1.3
1,945,7448,405326119,13.967435,5,1,1.3
6,932,7427,2003632064,14.168465,5,1,1.3
4,953,7467,144370565,15.035898,5,1,1.3
2,927,7488,907419731,13.807258,5,1,1.3
4,908,7507,265983891,12.961011,5,1,1.3
4,887,7510,2040934976,13.188045,5,1,1.3
3,904,7484,438000766,13.840037,5,1,1.3
6,923,7468,506440705,14.535201,5,1,1.3
176,681,7379,506440705,21.060467,2,1,1.5
204,672,7331,858674409,21.771403,2,1,1.5
192,711,7326,891500701,24.755129,2,1,1.5
195,693,7339,1689597105,23.945498,2,1,1.5
205,690,7346,199166357,23.062366,2,1,1.5
197,675,7358,1145002964,21.862072,2,1,1.5
189,693,7337,244649810,22.586755,2,1,1.5
218,685,7368,1606697795,24.109130,2,1,1.5
202,687,7378,1004855135,23.542847,2,1,1.5
198,748,7296,196168667,24.271072,2,1,1.5
200,719,7298,532130909,23.521712,2,1,1.5
200,678,7362,575880010,21.932029,2,1,1.5
199,676,7363,1501497732,21.947368,2,1,1.5
190,722,7347,1024676453,22.862619,2,1,1.5
227,703,7330,487077693,24.351096,2,1,1.5
193,654,7424,528620557,22.078461,2,1,1.5
184,719,7362,215471202,23.150238,2,1,1.5
199,724,7331,1404057105,23.077896,2,1,1.5
185,681,7384,1247595529,22.161469,2,1,1.5
199,677,7341,1046624079,23.397039,2,1,1.5
43,816,7471,1046624079,16.682179,3,1,1.5
34,847,7453,1040829038,15.696477,3,1,1.5
46,834,7465,1694221180,17.249549,3,1,1.5
35,855,7468,1111600077,17.941325,3,1,1.5
35,853,7488,322833653,16.698285,3,1,1.5
39,832,7487,1926458776,16.172995,3,1,1.5
37,847,7470,513872103,16.081891,3,1,1.5
46,812,7487,702797331,16.867101,3,1,1.5
38,837,7494,374534404,15.908768,3,1,1.5
48,861,7428,1136781863,16.719293,3,1,1.5
53,842,7411,1376192666,17.225578,3,1,1.5
43,812,7513,764553701,16.960141,3,1,1.5
34,846,7512,1515857295,16.682031,3,1,1.5
44,845,7444,1060291366,16.635472,3,1,1.5
43,794,7518,1240676248,16.140050,3,1,1.5
44,825,7488,634330638,16.891904,3,1,1.5
47,835,7475,1601136786,16.912407,3,1,1.5
41,813,7467,1714505747,16.408004,3,1,1.5
40,865,7446,1835876456,17.442882,3,1,1.5
29,906,7426,1053727194,17.562477,3,1,1.5
12,899,7479,1053727194,14.845460,4,1,1.5
23,848,7537,394209070,14.118146,4,1,1.5
19,849,7518,1573100325,14.718006,4,1,1.5
15,864,7527,40871038,15.622708,4,1,1.5
20,884,7487,1120307399,15.091802,4,1,1.5
14,877,7509,487153497,14.876929,4,1,1.5
14,865,7545,399896118,15.704963,4,1,1.5
14,892,7481,1356521254,13.600762,4,1,1.5
14,863,7508,1535675950,15.124924,4,1,1.5
17,846,7497,257762577,14.666891,4,1,1.5
12,849,7537,745267821,14.319575,4,1,1.5
15,848,7535,620172130,15.020441,4,1,1.5
17,872,7487,488750986,14.765262,4,1,1.5
19,821,7533,1135432926,14.469667,4,1,1.5
12,875,7488,1665406776,14.549835,4,1,1.5
16,892,7499,948554577,15.033938,4,1,1.5
18,863,7513,774754686,15.506322,4,1,1.5
16,833,7552,760982388,14.504328,4,1,1.5
15,857,7528,1606585136,14.490100,4,1,1.5
15,822,7556,1575194159,13.769290,4,1,1.5
2,829,7588,1575194159,11.824197,5,1,1.5
4,856,7566,927719172,13.433732,5,1,1.5
2,869,7546,1661705532,12.994806,5,1,1.5
6,913,7471,1787169755,13.055140,5,1,1.5
2,846,7552,914956477,12.295603,5,1,1.5
8,880,7497,722707246,13.946643,5,1,1.5
6,911,7507,1634634169,14.058557,5,1,1.5
7,864,7542,1085474121,14.074806,5,1,1.5
4,868,7529,1181626537,13.607177,5,1,1.5
3,859,7537,1253138392,14.035085,5,1,1.5
8,914,7459,886754697,14.300037,5,1,1.5
7,868,7498,398437183,13.728775,5,1,1.5
5,844,7576,813115589,13.570287,5,1,1.5
7,869,7531,126579295,13.592010,5,1,1.5
5,885,7509,81731605,12.845668,5,1,1.5
6,894,7526,482793266,13.385360,5,1,1.5
3,858,7524,1575281486,12.858072,5,1,1.5
7,854,7531,1205987890,13.232402,5,1,1.5
6,894,7503,1346531794,13.739411,5,1,1.5
8,879,7506,353849111,13.621146,5,1,1.5
204,500,7638,353849111,20.299658,2,1,2
208,504,7609,826421262,20.204342,2,1,2
226,528,7565,170324251,19.694839,2,1,2
230,502,7593,974214618,21.182222,2,1,2
250,549,7540,989126426,23.218203,2,1,2
254,520,7551,1962544795,23.136527,2,1,2
231,522,7555,1818210476,20.999422,2,1,2
243,524,7528,1228300363,20.615537,2,1,2
238,546,7516,1816975021,21.791957,2,1,2
227,515,7641,1591818198,22.324378,2,1,2
250,520,7553,1235691970,21.841815,2,1,2
233,518,7528,1250221231,21.387400,2,1,2
196,553,7592,754836742,19.888429,2,1,2
226,520,7563,1514577932,20.172744,2,1,2
246,520,7517,632986246,20.600148,2,1,2
247,518,7557,418306853,21.763256,2,1,2
215,486,7648,820769458,20.333292,2,1,2
231,526,7586,1931978217,21.724867,2,1,2
215,516,7568,1155007592,19.830157,2,1,2
260,549,7495,2023320316,22.527186,2,1,2
98,635,7672,2023320316,15.886349,3,1,2
80,592,7740,1772784980,15.551896,3,1,2
80,636,7737,1994512505,16.897859,3,1,2
82,610,7716,1187012825,15.636112,3,1,2
84,591,7790,1768139291,16.461079,3,1,2
83,631,7720,62801033,16.210586,3,1,2
96,594,7721,2077743220,15.792385,3,1,2
75,585,7818,12486085,16.795089,3,1,2
85,589,7733,207713278,15.571973,3,1,2
86,623,7728,1657474774,16.494559,3,1,2
88,656,7659,1304079695,16.795751,3,1,2
95,628,7700,1114977296,17.964425,3,1,2
84,620,7745,784814611,16.131058,3,1,2
91,605,7747,703790564,16.759685,3,1,2
86,612,7721,33207921,15.463784,3,1,2
88,617,7708,2066807054,16.434249,3,1,2
96,585,7712,1307319773,16.192229,3,1,2
76,622,7757,507744124,16.589720,3,1,2
89,603,7716,896088146,15.894118,3,1,2
86,640,7658,1255013841,16.291152,3,1,2
28,689,7728,1255013841,13.057642,4,1,2
27,661,7848,977583507,12.820166,4,1,2
26,635,7890,1483295671,13.174045,4,1,2
27,656,7850,2068143669,12.425252,4,1,2
27,697,7743,682098511,12.804264,4,1,2
26,641,7883,596055006,12.758785,4,1,2
27,686,7757,931470965,13.310758,4,1,2
29,682,7781,1688370190,13.536593,4,1,2
26,699,7758,1551555247,12.828398,4,1,2
19,657,7821,2014250424,12.998418,4,1,2
26,643,7820,315965270,13.398657,4,1,2
28,656,7787,476548597,13.233024,4,1,2
24,706,7781,1498816809,14.026217,4,1,2
22,673,7803,1229435232,14.303158,4,1,2
18,691,7772,1148727104,13.659808,4,1,2
27,681,7810,1696018393,12.896096,4,1,2
22,690,7801,1643019526,13.397034,4,1,2
15,639,7873,639148283,13.216110,4,1,2
27,665,7810,1450022698,13.073455,4,1,2
22,704,7783,239067358,13.997278,4,1,2
10,689,7830,239067358,12.072465,5,1,2
13,708,7783,1742945014,12.209756,5,1,2
15,716,7811,184929680,12.761355,5,1,2
6,711,7770,1667681653,11.613354,5,1,2
15,694,7783,1828589720,11.907777,5,1,2
11,650,7909,1860487045,11.481814,5,1,2
15,725,7769,101670713,12.738882,5,1,2
5,727,7774,422344721,12.330921,5,1,2
11,706,7859,1371063435,13.355047,5,1,2
9,696,7820,12402073,11.864926,5,1,2
14,719,7789,1534160913,12.675095,5,1,2
10,708,7806,1046988835,12.459937,5,1,2
13,720,7771,1372697011,11.960031,5,1,2
10,668,7857,918140401,11.749336,5,1,2
9,676,7807,43743474,11.846162,5,1,2
10,704,7842,1751200142,13.032306,5,1,2
8,663,7855,584889727,11.130669,5,1,2
13,740,7790,897646195,12.773137,5,1,2
12,672,7860,379597179,12.717842,5,1,2
10,715,7779,1606340520,11.819091,5,1,2
472,179,7827,1606340520,23.420645,2,1,3
475,193,7798,1327511852,23.916294,2,1,3
435,189,7878,219283813,23.630446,2,1,3
488,190,7814,1391482083,24.210761,2,1,3
426,183,7875,1749304465,21.807402,2,1,3
436,186,7896,2118598223,23.552996,2,1,3
452,183,7884,343968465,25.035623,2,1,3
436,187,7886,1624052168,24.159186,2,1,3
468,188,7828,1840858240,24.492275,2,1,3
436,181,7914,1195988854,25.038214,2,1,3
415,201,7882,1902277073,23.517140,2,1,3
445,178,7839,1301779985,23.362761,2,1,3
419,194,7868,1885946533,23.367542,2,1,3
474,190,7836,1968020815,26.816084,2,1,3
471,209,7808,1463586292,26.988757,2,1,3
482,184,7829,271397214,26.295721,2,1,3
449,192,7813,1732127881,24.865721,2,1,3
446,182,7861,496114547,24.367197,2,1,3
428,170,7937,988775558,22.467624,2,1,3
456,189,7859,1680880105,24.788780,2,1,3
172,345,8129,1680880105,15.880064,3,1,3
140,393,8033,335356175,15.722187,3,1,3
168,331,8086,911164422,15.466343,3,1,3
165,333,8085,823069116,15.536364,3,1,3
136,340,8170,1032535976,16.322084,3,1,3
158,335,8155,1618321423,15.825757,3,1,3
176,347,8070,1962880095,16.992755,3,1,3
158,358,8059,1984977556,15.348768,3,1,3
156,369,8031,321570773,16.082152,3,1,3
182,356,7982,334786314,17.109300,3,1,3
158,348,8099,739604310,15.618019,3,1,3
171,370,8064,134772270,18.154070,3,1,3
143,353,8180,1670378224,16.625887,3,1,3
168,378,8009,764671273,17.152580,3,1,3
172,340,8106,1772404436,16.190648,3,1,3
177,356,8066,1917294756,16.009897,3,1,3
159,346,8132,1630222598,16.576607,3,1,3
164,356,8090,1131974494,16.946437,3,1,3
155,356,8071,1505891990,16.194565,3,1,3
153,359,8090,135227383,16.175996,3,1,3
64,402,8199,135227383,12.077200,4,1,3
65,403,8258,517545453,12.100762,4,1,3
87,388,8216,910871661,12.838065,4,1,3
76,433,8153,460603180,12.937337,4,1,3
67,385,8235,1267393589,11.284004,4,1,3
64,391,8203,15931258,12.368630,4,1,3
70,408,8227,546183395,13.425662,4,1,3
74,381,8280,649097663,12.783266,4,1,3
77,425,8164,895455,13.028034,4,1,3
62,417,8211,404307541,12.302561,4,1,3
72,407,8185,563993840,13.325464,4,1,3
72,409,8158,1841866114,12.425520,4,1,3
80,401,8157,2114309906,13.571840,4,1,3
69,400,8256,1585587695,13.433552,4,1,3
61,410,8217,541286882,11.895380,4,1,3
89,406,8154,546166507,13.073048,4,1,3
87,400,8196,908150422,13.786726,4,1,3
72,410,8179,1313776650,13.021111,4,1,3
80,382,8249,1987190390,12.573082,4,1,3
72,400,8230,1583174124,13.072876,4,1,3
31,413,8338,1583174124,11.061454,5,1,3
41,419,8279,1368359555,10.391485,5,1,3
47,405,8291,793289786,11.324771,5,1,3
41,382,8337,286330206,12.133962,5,1,3
36,407,8292,1519803090,11.713067,5,1,3
34,422,8284,464472687,11.484922,5,1,3
33,420,8312,1110365231,10.693573,5,1,3
35,423,8270,924125513,10.858636,5,1,3
49,431,8220,94976906,11.405844,5,1,3
41,456,8212,2060246001,11.478247,5,1,3
31,417,8282,1943258072,10.408098,5,1,3
29,418,8290,451139950,10.851881,5,1,3
33,389,8374,1821249318,11.665641,5,1,3
38,405,8284,45405601,10.923455,5,1,3
27,419,8334,1646136454,11.105191,5,1,3
28,430,8278,2042280262,10.905130,5,1,3
44,404,8293,2093194848,11.658074,5,1,3
37,422,8269,1238096059,11.360383,5,1,3
39,396,8344,405107583,11.645101,5,1,3
44,428,8237,1796563888,11.551614,5,1,3
668,11,8055,1796563888,27.911459,2,1,101
642,7,8107,1750416733,29.156206,2,1,101
650,13,8107,2038874144,32.027423,2,1,101
662,17,8077,1573827703,33.158085,2,1,101
650,12,8091,1234871420,32.486222,2,1,101
668,20,8138,39892363,33.502791,2,1,101
677,14,8090,1044601655,33.387303,2,1,101
690,17,8026,1043977534,33.722442,2,1,101
658,19,8102,1083124077,31.741654,2,1,101
631,21,8153,683151968,31.183512,2,1,101
648,10,8135,338845916,32.872210,2,1,101
658,21,8069,651071609,32.756811,2,1,101
651,21,8075,1976130771,33.943835,2,1,101
685,26,8058,1834259115,33.139621,2,1,101
646,9,8068,1386039080,32.412595,2,1,101
659,22,8099,938921578,32.609261,2,1,101
698,21,8059,1382250326,32.775860,2,1,101
677,15,8095,948399564,33.814087,2,1,101
671,15,8050,440509641,32.047214,2,1,101
669,23,8057,600641765,31.983649,2,1,101
409,11,8680,600641765,20.383505,3,1,101
424,11,8596,1673805915,21.033040,3,1,101
427,9,8630,2112264823,22.645827,3,1,101
457,12,8626,238599632,23.285479,3,1,101
440,14,8656,421716506,23.444570,3,1,101
391,13,8628,410104040,21.607678,3,1,101
437,10,8578,1837802117,23.113151,3,1,101
441,3,8660,628362352,23.635079,3,1,101
430,8,8642,1614534558,24.995246,3,1,101
411,10,8697,1739284149,22.255850,3,1,101
385,6,8765,307074268,21.320183,3,1,101
413,8,8611,1441934378,22.432608,3,1,101
388,6,8732,953265835,20.727519,3,1,101
404,7,8681,1765377527,22.399106,3,1,101
404,6,8695,1451499393,22.466775,3,1,101
435,5,8620,968464072,22.594117,3,1,101
397,3,8683,1306729157,21.672315,3,1,101
442,13,8653,1610288393,22.337588,3,1,101
433,18,8614,1929741503,22.523073,3,1,101
402,8,8679,434647111,21.303112,3,1,101
286,5,9061,434647111,16.268122,4,1,101
284,2,9067,944018840,15.699965,4,1,101
281,5,9058,638489132,16.732460,4,1,101
291,21,9008,1126494359,15.764085,4,1,101
297,3,9014,1016306307,17.649650,4,1,101
271,2,9092,2064809914,16.210638,4,1,101
299,4,9030,217312502,18.076399,4,1,101
284,1,9054,510683553,17.370635,4,1,101
294,10,9064,1279467721,18.024901,4,1,101
281,2,9012,107921823,16.730623,4,1,101
293,3,9065,2052322651,16.472491,4,1,101
311,17,8992,1946537876,16.683979,4,1,101
263,5,9125,591788652,15.994336,4,1,101
333,7,8947,1039795324,18.629983,4,1,101
295,1,9056,2041150853,17.023298,4,1,101
323,6,8966,1943654068,17.503810,4,1,101
264,0,9091,363499897,15.280866,4,1,101
274,2,9007,1557283609,15.744796,4,1,101
288,7,9018,353995179,16.435256,4,1,101
273,3,9111,1188924090,15.870718,4,1,101
204,0,9353,1188924090,12.696455,5,1,101
223,0,9260,1958369546,12.806036,5,1,101
199,7,9351,1849098889,12.583622,5,1,101
224,2,9220,1959081182,12.749248,5,1,101
204,2,9283,1471353682,12.592584,5,1,101
231,5,9209,292010608,14.013332,5,1,101
193,0,9339,297432291,13.277634,5,1,101
199,3,9372,111770650,12.836556,5,1,101
198,2,9293,1029333538,13.119976,5,1,101
229,7,9274,1807627350,13.879321,5,1,101
182,1,9332,355371267,12.653792,5,1,101
199,2,9339,2037697826,13.190736,5,1,101
189,5,9341,758347004,15.524324,5,1,101
210,5,9231,1123204770,14.577554,5,1,101
202,4,9333,1977649331,16.390303,5,1,101
192,2,9325,775731349,13.932955,5,1,101
235,4,9241,325499033,16.233504,5,1,101
218,2,9249,299438319,15.643863,5,1,101
232,1,9234,840105540,15.252824,5,1,101
190,0,9415,846398023,13.364760,5,1,101
164,1100,7016,1306,21.433210,2,1,1.1
191,1068,7016,1077051834,27.145867,2,1,1.1
191,1098,7029,909088105,26.229157,2,1,1.1
196,1068,7031,996761592,24.958425,2,1,1.1
174,1074,7027,168180822,23.002859,2,1,1.1
157,1082,7068,275168956,22.836750,2,1,1.1
191,1067,7003,1877734117,23.150546,2,1,1.1
207,1046,7051,1937763484,24.927661,2,1,1.1
165,1084,7040,1933053953,23.200646,2,1,1.1
183,1062,7046,1333760150,23.403706,2,1,1.1
197,1024,7048,1389019129,23.643697,2,1,1.1
200,1036,7083,342579804,23.982462,2,1,1.1
165,1065,7061,1553455306,24.418980,2,1,1.1
185,1080,7026,650746364,23.649939,2,1,1.1
173,1086,7026,1371633015,23.373842,2,1,1.1
202,1064,7051,93304877,27.059290,2,1,1.1
174,1021,7095,1754841475,23.284948,2,1,1.1
191,1045,7034,151516030,22.546647,2,1,1.1
170,1115,7027,961050737,24.288469,2,1,1.1
176,1085,7025,1731893472,23.230854,2,1,1.1
35,1210,7115,1731893472,17.995167,3,1,1.1
29,1228,7122,1622017908,19.329692,3,1,1.1
20,1205,7112,52397797,18.811622,3,1,1.1
38,1154,7190,952006917,21.633128,3,1,1.1
33,1232,7112,1002301836,21.985259,3,1,1.1
27,1172,7159,509199754,20.637746,3,1,1.1
24,1159,7179,1242195004,20.104545,3,1,1.1
30,1160,7182,265435651,20.100022,3,1,1.1
25,1178,7161,51514021,21.165516,3,1,1.1
37,1205,7130,449416638,22.246652,3,1,1.1
31,1167,7207,1464311949,21.710514,3,1,1.1
36,1171,7165,800900330,21.511603,3,1,1.1
33,1134,7178,1351169973,19.867349,3,1,1.1
26,1143,7182,170836147,19.484122,3,1,1.1
27,1196,7133,1381729838,21.992023,3,1,1.1
31,1127,7218,2101606945,21.653812,3,1,1.1
25,1187,7173,161396568,21.314813,3,1,1.1
25,1169,7169,485787022,20.412795,3,1,1.1
27,1088,7223,1293582584,18.648923,3,1,1.1
32,1189,7184,1392228914,20.670855,3,1,1.1
10,1227,7166,1392228914,17.215210,4,1,1.1
8,1211,7161,1102840190,19.084203,4,1,1.1
4,1248,7157,2021603677,19.697645,4,1,1.1
7,1194,7160,533203132,19.690627,4,1,1.1
8,1247,7136,1171805715,19.453317,4,1,1.1
11,1234,7144,2092266552,19.711562,4,1,1.1
5,1230,7165,1631419165,19.588141,4,1,1.1
5,1181,7211,982171467,19.884646,4,1,1.1
6,1206,7164,1291676206,18.525966,4,1,1.1
6,1199,7187,104092481,19.511121,4,1,1.1
10,1246,7126,1339644275,20.472197,4,1,1.1
7,1230,7187,686064646,19.902588,4,1,1.1
4,1196,7194,1091763398,19.600593,4,1,1.1
10,1226,7174,1209712795,20.928216,4,1,1.1
2,1208,7176,710421436,19.009891,4,1,1.1
6,1213,7188,2020917306,19.454947,4,1,1.1
8,1213,7182,394603194,20.961587,4,1,1.1
9,1199,7198,1111836236,19.680972,4,1,1.1
3,1217,7179,933702640,20.830369,4,1,1.1
5,1225,7150,110934416,19.389895,4,1,1.1
0,1223,7160,110934416,16.464927,5,1,1.1
1,1266,7127,422181145,17.533542,5,1,1.1
3,1184,7213,1079120797,17.335058,5,1,1.1
0,1194,7184,986179399,17.261000,5,1,1.1
2,1258,7136,139691939,18.437543,5,1,1.1
1,1231,7194,810631412,18.056378,5,1,1.1
3,1261,7154,2061422125,19.654646,5,1,1.1
0,1199,7225,162055235,18.239061,5,1,1.1
1,1190,7192,1279773695,17.708910,5,1,1.1
4,1233,7151,237727233,19.083618,5,1,1.1
3,1246,7172,1341399696,19.833589,5,1,1.1
0,1182,7229,69450102,18.753520,5,1,1.1
0,1177,7230,1827631471,17.803199,5,1,1.1
3,1185,7212,1247834512,18.344718,5,1,1.1
3,1174,7241,1907293587,18.742876,5,1,1.1
4,1199,7177,1281878995,18.644866,5,1,1.1
0,1181,7222,555252243,18.043582,5,1,1.1
1,1232,7176,1927979134,18.729229,5,1,1.1
2,1175,7218,1374993640,18.366480,5,1,1.1
3,1232,7182,1601330352,19.075147,5,1,1.1
224,1022,7052,1601330352,26.252410,2,1,1.3
206,1017,7089,794102772,28.818638,2,1,1.3
189,1028,7087,181908033,30.018856,2,1,1.3
214,1037,7065,507936190,29.241775,2,1,1.3
201,991,7118,717239612,28.970723,2,1,1.3
210,995,7071,399231406,27.651132,2,1,1.3
192,1052,7067,1210241803,27.869664,2,1,1.3
216,1041,7023,1243337839,28.643135,2,1,1.3
212,1006,7101,1509535802,31.028477,2,1,1.3
216,981,7073,1824056499,30.886334,2,1,1.3
221,982,7083,312205816,28.730368,2,1,1.3
195,973,7133,1110351528,28.050458,2,1,1.3
203,1044,7080,1298009596,29.013355,2,1,1.3
193,1017,7112,677310401,28.753086,2,1,1.3
230,1054,7059,712798633,30.580973,2,1,1.3
204,1020,7101,179102137,30.097820,2,1,1.3
233,1030,7069,1545764565,30.174702,2,1,1.3
207,1001,7108,1135530055,29.020501,2,1,1.3
212,992,7062,934613557,32.777303,2,1,1.3
217,1046,7031,1593784458,34.389321,2,1,1.3
39,1136,7186,1593784458,24.528971,3,1,1.3
43,1109,7212,1531079143,24.052856,3,1,1.3
38,1069,7231,683854793,21.415183,3,1,1.3
50,1129,7159,2134019754,22.563284,3,1,1.3
44,1107,7204,831676431,22.433651,3,1,1.3
44,1092,7240,1706340863,23.559303,3,1,1.3
45,1149,7174,1564286476,23.282545,3,1,1.3
42,1161,7174,624913834,22.919873,3,1,1.3
37,1180,7170,49383973,23.538593,3,1,1.3
50,1161,7104,1747663309,23.425952,3,1,1.3
41,1100,7221,916284132,22.303805,3,1,1.3
38,1159,7207,1395494799,25.578356,3,1,1.3
39,1122,7188,691586626,22.890501,3,1,1.3
38,1103,7199,558384647,22.086798,3,1,1.3
32,1119,7206,1938573527,22.252432,3,1,1.3
44,1138,7183,715598591,23.773567,3,1,1.3
40,1110,7179,1838603548,22.030787,3,1,1.3
37,1157,7161,1542027969,22.194064,3,1,1.3
35,1165,7157,1146848790,22.789099,3,1,1.3
52,1149,7158,551202784,23.172368,3,1,1.3
13,1193,7156,551202784,18.133644,4,1,1.3
17,1180,7193,410021258,19.616867,4,1,1.3
11,1169,7202,1464681452,18.895247,4,1,1.3
10,1172,7193,123119095,18.701644,4,1,1.3
15,1175,7191,1661336308,20.058119,4,1,1.3
8,1164,7212,1149465265,19.407180,4,1,1.3
9,1170,7229,1819521753,20.441227,4,1,1.3
11,1189,7201,656058010,20.536510,4,1,1.3
14,1141,7238,60071217,19.991321,4,1,1.3
10,1178,7212,1098200516,20.077149,4,1,1.3
13,1154,7210,598759352,19.544158,4,1,1.3
16,1155,7218,1504192497,20.848192,4,1,1.3
8,1161,7237,127493575,20.366550,4,1,1.3
14,1146,7225,1223509776,19.770830,4,1,1.3
12,1205,7177,1799876124,20.781609,4,1,1.3
17,1169,7205,1445678053,20.151019,4,1,1.3
12,1181,7202,1510312249,19.455332,4,1,1.3
9,1173,7182,1428354129,20.378820,4,1,1.3
14,1140,7249,2018384730,20.081448,4,1,1.3
15,1151,7215,357953956,20.548345,4,1,1.3
3,1189,7201,357953956,17.580710,5,1,1.3
3,1162,7248,121710703,17.565770,5,1,1.3
1,1150,7275,1205289538,18.048847,5,1,1.3
6,1259,7154,331872610,18.773471,5,1,1.3
5,1188,7211,1278959990,17.882281,5,1,1.3
4,1207,7234,1982992421,19.561475,5,1,1.3
6,1172,7218,484350854,20.066499,5,1,1.3
4,1210,7173,1175007772,33.033862,5,1,1.3
4,1190,7204,1613764135,19.549382,5,1,1.3
7,1199,7193,1781484035,20.808940,5,1,1.3
4,1126,7261,790060909,18.572348,5,1,1.3
1,1125,7274,49239391,18.946313,5,1,1.3
2,1146,7209,1345081485,20.804227,5,1,1.3
4,1169,7232,814396624,22.638204,5,1,1.3
1,1175,7215,68425090,20.081690,5,1,1.3
4,1204,7202,978538933,21.057247,5,1,1.3
6,1217,7200,318142127,20.355522,5,1,1.3
4,1136,7273,1727175220,19.993969,5,1,1.3
1,1171,7234,883529227,19.968811,5,1,1.3
1,1188,7201,1693244806,22.482785,5,1,1.3
283,849,7217,1693244806,29.319856,2,1,1.5
315,834,7177,696398335,29.545180,2,1,1.5
308,845,7200,879254726,31.975279,2,1,1.5
308,829,7212,2031051245,32.270116,2,1,1.5
275,850,7227,628246754,28.263465,2,1,1.5
312,864,7213,774600397,33.848904,2,1,1.5
275,868,7188,1679971600,29.556690,2,1,1.5
293,829,7229,1426823273,31.512566,2,1,1.5
311,828,7159,2025517448,31.591799,2,1,1.5
296,871,7176,116757934,34.393148,2,1,1.5
308,847,7213,2063372254,38.611759,2,1,1.5
300,863,7151,1821330104,34.703476,2,1,1.5
299,847,7161,1421982944,32.989970,2,1,1.5
287,871,7221,1227334351,40.655378,2,1,1.5
302,823,7219,229866634,36.741971,2,1,1.5
326,817,7192,1026878524,36.980869,2,1,1.5
290,856,7236,1957380473,43.769371,2,1,1.5
283,887,7158,876945176,42.257394,2,1,1.5
280,839,7198,924411283,38.014274,2,1,1.5
278,837,7233,173852884,37.532138,2,1,1.5
56,970,7362,173852884,22.208627,3,1,1.5
64,952,7346,503598383,23.230846,3,1,1.5
72,971,7344,1722054147,26.439601,3,1,1.5
80,974,7380,863990319,29.686348,3,1,1.5
67,968,7344,470995535,22.786587,3,1,1.5
77,965,7334,904259275,23.102482,3,1,1.5
71,1031,7249,231162213,22.943722,3,1,1.5
70,946,7367,1827492427,26.460574,3,1,1.5
83,979,7332,759915926,27.451121,3,1,1.5
75,975,7357,1599372055,27.304722,3,1,1.5
73,996,7353,1170188516,26.629716,3,1,1.5
93,941,7313,523244897,26.617006,3,1,1.5
74,981,7307,1725422333,23.656629,3,1,1.5
70,952,7362,2003095982,24.533385,3,1,1.5
78,979,7320,1664833917,27.055168,3,1,1.5
68,928,7352,902947751,22.749927,3,1,1.5
77,953,7328,1912002234,26.028606,3,1,1.5
85,941,7323,254824086,24.991020,3,1,1.5
82,994,7305,914119771,27.868782,3,1,1.5
73,959,7330,1866105863,25.461637,3,1,1.5
20,1009,7372,1866105863,19.474493,4,1,1.5
20,990,7422,1553238631,23.289704,4,1,1.5
23,982,7390,574283273,23.349661,4,1,1.5
16,1037,7358,324593047,21.272355,4,1,1.5
18,1030,7386,542049392,21.053509,4,1,1.5
21,989,7377,1958770892,18.786898,4,1,1.5
19,1020,7389,1455675438,19.852852,4,1,1.5
19,1032,7372,2072874217,20.105348,4,1,1.5
25,1024,7370,881720105,20.333210,4,1,1.5
13,1047,7336,226211758,19.867319,4,1,1.5
23,1020,7374,1959829738,20.060301,4,1,1.5
21,1024,7386,727316181,20.882497,4,1,1.5
21,1043,7381,806951831,21.363490,4,1,1.5
18,1007,7403,385496028,21.226186,4,1,1.5
25,1039,7348,1028811259,22.936364,4,1,1.5
24,1026,7390,581287429,22.512917,4,1,1.5
18,1022,7370,295568620,22.590577,4,1,1.5
23,1030,7372,165012304,23.283825,4,1,1.5
22,1032,7368,881341229,22.740873,4,1,1.5
19,1061,7341,2108506572,23.309237,4,1,1.5
7,1043,7406,2108506572,17.964243,5,1,1.5
6,989,7441,820810980,17.263039,5,1,1.5
6,994,7440,1216592071,19.946806,5,1,1.5
7,1052,7381,1220989060,23.084537,5,1,1.5
7,1042,7376,687092578,22.147736,5,1,1.5
3,1041,7399,325902020,20.139285,5,1,1.5
9,1014,7358,417996705,21.185570,5,1,1.5
11,1023,7409,2050648336,21.123653,5,1,1.5
4,1041,7365,1542901672,24.406576,5,1,1.5
2,1032,7394,1154777881,18.952260,5,1,1.5
3,1023,7425,1470304187,19.703535,5,1,1.5
10,995,7416,91540884,18.531957,5,1,1.5
3,1006,7449,2038399209,20.419364,5,1,1.5
8,1063,7373,138752998,23.651679,5,1,1.5
4,1005,7420,873243839,21.032152,5,1,1.5
3,1053,7384,1643426170,20.018772,5,1,1.5
6,1053,7375,1253357112,21.182636,5,1,1.5
10,1012,7441,851101788,20.352530,5,1,1.5
2,1002,7439,1796293653,20.202414,5,1,1.5
3,1052,7389,1513473535,24.054456,5,1,1.5
531,440,7490,1513473535,33.024145,2,1,2
521,444,7505,1033544430,30.706686,2,1,2
492,426,7516,1894167005,28.474986,2,1,2
493,418,7565,1843163887,29.811795,2,1,2
511,434,7524,587509719,35.266248,2,1,2
477,435,7519,581981421,33.028792,2,1,2
460,441,7571,2023447396,32.236296,2,1,2
494,424,7548,2144194355,33.752791,2,1,2
462,430,7549,118266891,31.135111,2,1,2
497,458,7497,1510275892,32.125529,2,1,2
491,418,7609,1204150722,32.101679,2,1,2
526,421,7556,761644717,32.839301,2,1,2
516,445,7512,1596348485,31.511591,2,1,2
490,467,7533,1721275038,30.996068,2,1,2
520,432,7483,901709219,32.794425,2,1,2
533,407,7520,54871101,32.532829,2,1,2
487,436,7587,492850202,32.770559,2,1,2
523,399,7518,1550783984,32.334099,2,1,2
517,432,7537,54596601,34.710223,2,1,2
480,463,7491,1875753422,30.438932,2,1,2
104,611,7748,1875753422,17.661430,3,1,2
119,616,7697,1227474256,18.338129,3,1,2
124,576,7769,1391112840,18.107964,3,1,2
133,588,7726,572016627,17.130375,3,1,2
124,644,7692,2135313934,19.413934,3,1,2
118,584,7756,319957283,17.201156,3,1,2
127,614,7682,463137549,18.775919,3,1,2
146,596,7686,1992453572,19.611551,3,1,2
122,609,7724,1010230761,19.670228,3,1,2
142,642,7619,765218943,20.663686,3,1,2
132,632,7657,1848528816,19.299217,3,1,2
151,613,7700,381197683,22.209699,3,1,2
146,572,7748,1372764342,19.390125,3,1,2
148,581,7742,2014286746,20.090928,3,1,2
151,646,7604,601390187,19.888306,3,1,2
142,591,7751,1565694450,20.236765,3,1,2
135,595,7733,1462253397,19.724315,3,1,2
144,611,7702,1847618738,20.283763,3,1,2
139,591,7757,118862876,20.385102,3,1,2
131,625,7704,847812206,20.039980,3,1,2
55,663,7785,847812206,14.317879,4,1,2
41,609,7851,537926087,14.026719,4,1,2
48,624,7864,1123581096,16.506351,4,1,2
58,682,7751,2017257935,14.968594,4,1,2
51,660,7802,29752061,15.622993,4,1,2
51,609,7837,892296402,15.028664,4,1,2
50,633,7882,692714096,15.997826,4,1,2
44,659,7832,1049970204,16.009792,4,1,2
54,671,7779,1439322580,16.520676,4,1,2
45,658,7784,1660953429,15.586254,4,1,2
46,704,7731,2056534163,16.378932,4,1,2
36,649,7808,1840870853,15.026586,4,1,2
55,684,7746,1402488322,15.445852,4,1,2
38,624,7836,206545134,14.018415,4,1,2
43,669,7772,997537265,15.133098,4,1,2
54,649,7786,736053662,16.228777,4,1,2
53,649,7803,2066909753,15.443666,4,1,2
36,670,7831,782875788,15.963444,4,1,2
43,670,7760,1465669306,15.292818,4,1,2
44,633,7824,1176061453,15.769933,4,1,2
14,686,7822,1176061453,12.927344,5,1,2
10,669,7822,1295320307,12.097228,5,1,2
10,713,7822,112997597,13.762689,5,1,2
13,687,7837,2144661938,13.113390,5,1,2
17,712,7775,414823571,13.639008,5,1,2
14,672,7807,1346709555,13.169431,5,1,2
6,703,7830,1553052787,14.683200,5,1,2
20,692,7817,1396059201,13.573904,5,1,2
4,702,7817,628245880,13.742779,5,1,2
15,674,7831,1777283321,14.400056,5,1,2
15,680,7881,650333956,14.032267,5,1,2
14,651,7883,612520389,13.660439,5,1,2
14,696,7823,436816838,14.265773,5,1,2
17,689,7827,637838240,14.742303,5,1,2
8,702,7837,864889121,13.335812,5,1,2
17,676,7830,1770449318,13.409293,5,1,2
11,666,7844,297975247,13.430476,5,1,2
15,716,7778,1206785859,13.333659,5,1,2
16,706,7785,1301524345,13.665928,5,1,2
13,695,7837,1437470122,14.522924,5,1,2
660,207,7936,1437470122,29.017517,2,1,3
668,237,7900,1842610046,30.418421,2,1,3
679,228,7847,68917920,29.293003,2,1,3
679,227,7926,1171094417,29.929740,2,1,3
640,214,7919,979674215,29.467701,2,1,3
675,213,7944,2095242659,31.308317,2,1,3
694,223,7839,1816448208,33.326406,2,1,3
668,187,7924,1950863049,31.515081,2,1,3
636,235,7853,2104522812,32.514225,2,1,3
680,232,7891,1800672320,31.773357,2,1,3
685,212,7875,1498448360,32.200291,2,1,3
700,201,7903,841983431,32.034771,2,1,3
653,248,7877,1150564014,32.377285,2,1,3
690,228,7871,1912113696,33.818266,2,1,3
653,218,7882,2143141449,32.046369,2,1,3
682,210,7824,2108445146,32.793833,2,1,3
684,189,7921,1270868111,33.227546,2,1,3
646,227,7899,1828684973,33.265230,2,1,3
734,220,7845,1530270539,34.973703,2,1,3
665,208,7908,9723687,32.105943,2,1,3
264,301,8141,9723687,18.593496,3,1,3
273,281,8192,1923526021,19.294334,3,1,3
278,322,8145,1089870624,19.318863,3,1,3
264,319,8074,599907675,19.882595,3,1,3
289,321,8075,1541462657,21.424421,3,1,3
305,316,8111,654095538,22.024967,3,1,3
256,301,8149,562126350,20.576804,3,1,3
281,290,8153,1895798776,20.931120,3,1,3
282,297,8101,707425309,21.061387,3,1,3
281,300,8139,905928463,19.395226,3,1,3
302,290,8115,1197302914,21.861511,3,1,3
270,293,8120,1966433016,21.281284,3,1,3
305,299,8117,1831067671,20.979595,3,1,3
273,290,8139,1717857639,21.561993,3,1,3
276,291,8142,1987387981,21.542143,3,1,3
267,302,8138,1503806871,20.855067,3,1,3
293,276,8120,936342582,21.487872,3,1,3
272,310,8169,1728008686,21.175694,3,1,3
279,279,8108,401883440,20.137180,3,1,3
287,320,8062,421985519,21.297987,3,1,3
113,416,8158,421985519,15.059814,4,1,3
99,415,8228,1707360088,15.121363,4,1,3
92,391,8247,423326340,14.694862,4,1,3
102,359,8236,499193787,14.949362,4,1,3
109,368,8197,1280472815,14.229700,4,1,3
94,388,8249,1970344064,14.557342,4,1,3
109,378,8239,686817286,15.220932,4,1,3
109,394,8258,402225750,16.833330,4,1,3
90,412,8232,1275388065,15.465845,4,1,3
94,401,8226,1240434525,14.598634,4,1,3
97,395,8206,527011264,14.979521,4,1,3
95,427,8165,1568122484,15.288937,4,1,3
89,382,8210,267228072,14.507411,4,1,3
86,426,8156,1913349793,15.525811,4,1,3
96,405,8219,2072123669,15.261872,4,1,3
93,353,8305,29279789,14.460240,4,1,3
132,400,8194,1674305764,16.976825,4,1,3
104,383,8292,2030008196,16.270761,4,1,3
97,404,8194,1662174389,15.801808,4,1,3
90,389,8216,596735063,14.456826,4,1,3
31,411,8306,596735063,11.856322,5,1,3
45,444,8239,1000284027,12.940017,5,1,3
48,441,8292,189633094,12.541742,5,1,3
48,435,8249,1780032745,12.512083,5,1,3
49,429,8308,1344692102,12.564204,5,1,3
58,436,8240,1150858974,13.241974,5,1,3
44,416,8324,1293940275,12.815501,5,1,3
39,443,8279,248406437,12.798686,5,1,3
32,450,8292,415739629,12.583892,5,1,3
41,422,8282,558462100,12.511846,5,1,3
46,448,8262,1187311955,12.624840,5,1,3
55,443,8257,552764863,13.221899,5,1,3
31,427,8336,1557141136,11.713805,5,1,3
44,425,8295,220083096,12.633891,5,1,3
52,449,8242,1495275164,12.820208,5,1,3
36,433,8286,150430994,12.562194,5,1,3
57,420,8255,1971331748,12.236680,5,1,3
40,400,8320,911074729,11.760045,5,1,3
45,411,8284,802797684,12.820023,5,1,3
34,421,8394,1332130497,12.866720,5,1,3
828,14,8918,1332130497,32.918699,2,1,101
800,7,8798,1792295683,32.623187,2,1,101
836,16,8946,1297782585,36.949611,2,1,101
834,16,8770,1844836517,35.784706,2,1,101
772,20,8803,882989469,35.853707,2,1,101
797,16,8944,1977790302,34.516027,2,1,101
820,27,8739,597395303,37.095378,2,1,101
808,18,8917,1136942387,37.127438,2,1,101
813,4,8926,98409951,36.099289,2,1,101
831,21,8756,356921360,37.044318,2,1,101
841,14,8821,1388642327,39.342063,2,1,101
781,14,8886,1962699252,36.075392,2,1,101
848,4,8901,1500240954,41.692902,2,1,101
854,13,8799,520773063,37.964774,2,1,101
827,12,8894,1252565833,37.677399,2,1,101
861,20,8852,511030747,38.152230,2,1,101
833,18,8831,115418560,35.768296,2,1,101
817,10,8832,838496028,37.461640,2,1,101
825,18,8912,1919756654,37.055004,2,1,101
825,17,8852,1568554895,39.600764,2,1,101
474,13,9137,1568554895,24.037474,3,1,101
418,10,9321,331024843,22.620880,3,1,101
427,8,9184,404565667,25.149296,3,1,101
430,14,9302,197040467,24.053342,3,1,101
495,20,9225,270853728,25.576585,3,1,101
436,10,9338,1170520730,26.310617,3,1,101
475,7,9191,157546992,24.887885,3,1,101
455,3,9221,602310777,23.577308,3,1,101
455,26,9187,675383679,25.605706,3,1,101
479,10,9223,2075267090,25.926695,3,1,101
441,11,9407,1058358752,25.945768,3,1,101
463,8,9264,1961097967,27.805224,3,1,101
458,7,9296,1432001215,23.529849,3,1,101
452,9,9192,887032608,25.805563,3,1,101
440,12,9308,1087175334,25.148356,3,1,101
444,8,9235,1851353652,23.928285,3,1,101
459,6,9271,266455425,24.707012,3,1,101
497,16,9155,1521208245,27.195649,3,1,101
463,7,9182,2082334755,24.283289,3,1,101
465,17,9337,864900215,26.497251,3,1,101
254,2,9603,864900215,15.661740,4,1,101
266,11,9577,1641101344,16.718527,4,1,101
249,6,9515,117865484,15.306471,4,1,101
281,6,9592,2068813443,17.488645,4,1,101
267,3,9401,1786068984,16.087044,4,1,101
312,2,9412,773271060,19.582962,4,1,101
294,2,9493,1960492459,17.799794,4,1,101
250,2,9476,1375403564,17.346069,4,1,101
278,5,9475,1706315663,17.548524,4,1,101
272,1,9391,249715870,17.072510,4,1,101
290,3,9565,1778530208,19.108637,4,1,101
290,8,9603,1099101093,19.321864,4,1,101
293,4,9620,1959729595,18.517890,4,1,101
288,5,9509,1526591405,17.499305,4,1,101
261,2,9507,1346078688,17.541716,4,1,101
277,5,9592,1479846939,18.090130,4,1,101
284,4,9485,202221269,17.991326,4,1,101
270,4,9518,740987814,18.326134,4,1,101
293,2,9628,1552135386,18.404991,4,1,101
262,6,9713,1245017731,18.104642,4,1,101
187,0,9722,1245017731,13.292383,5,1,101
179,6,9718,863969179,13.566488,5,1,101
163,1,9683,1661487833,12.450538,5,1,101
171,3,9739,1983435068,14.736662,5,1,101
181,1,9770,860387635,14.011042,5,1,101
182,0,9793,1305014938,14.052752,5,1,101
153,3,9695,643948859,12.860927,5,1,101
159,1,9620,95419755,13.952884,5,1,101
161,1,9680,610329614,13.016873,5,1,101
203,7,9703,1619411888,14.527765,5,1,101
185,1,9742,1245102239,14.676267,5,1,101
177,3,9750,1408457170,15.343175,5,1,101
167,0,9700,949944094,14.071730,5,1,101
174,1,9831,1182913625,14.109413,5,1,101
167,1,9773,1989708147,14.223522,5,1,101
184,1,9828,2086763028,14.530053,5,1,101
193,2,9645,1823923370,14.924731,5,1,101
161,1,9775,1029162506,14.434898,5,1,101
173,2,9729,893483443,14.315085,5,1,101
200,7,9651,1621496360,14.858763,5,1,101
0,933,7450,5021,1.088662,-1,1,1.1
0,909,7471,1983602002,1.133653,-1,1,1.1
0,954,7454,90501124,1.159226,-1,1,1.1
0,966,7437,168013630,1.158814,-1,1,1.1
0,990,7446,811022276,1.185221,-1,1,1.1
0,920,7517,811022276,1.171662,-1,1,1.5
0,873,7552,454025327,1.136736,-1,1,1.5
0,904,7521,2095853002,1.138327,-1,1,1.5
0,875,7536,2109545802,1.082040,-1,1,1.5
0,878,7534,1293497277,1.125814,-1,1,1.5
0,704,7863,1293497277,1.028787,-1,1,2
0,721,7832,944580706,1.038684,-1,1,2
0,684,7891,2055503465,1.016421,-1,1,2
0,700,7892,1636901470,1.091881,-1,1,2
0,687,7865,332488941,1.018230,-1,1,2
0,1241,7176,1036,1.460282,-1,1,1.1
0,1251,7164,63965009,1.391520,-1,1,1.1
0,1245,7188,1263770965,1.396330,-1,1,1.1
0,1243,7193,149407647,1.394314,-1,1,1.1
0,1204,7181,1311069370,1.334371,-1,1,1.1
0,1081,7352,1311069370,1.298148,-1,1,1.5
0,1046,7368,795964626,1.273026,-1,1,1.5
0,1088,7360,603188376,1.380667,-1,1,1.5
0,1060,7367,1033991557,1.322507,-1,1,1.5
0,1043,7406,1062371113,1.259779,-1,1,1.5
0,701,7839,1062371113,1.027181,-1,1,2
0,682,7855,1360801561,1.080239,-1,1,2
0,711,7837,80856689,1.095686,-1,1,2
0,680,7877,265317857,1.086810,-1,1,2
0,702,7839,1816187358,1.073636,-1,1,2
6346,170,3631,1095,369.493441,1,50,70
6247,155,3639,1383874325,374.147512,1,50,70
6339,126,3591,585971330,394.444476,1,50,70
6370,155,3583,931093411,395.692676,1,50,70
6252,139,3616,560767063,395.378319,1,50,70
